<beans xmlns="http://www.springframework.org/schema/beans"
	xmlns:context="http://www.springframework.org/schema/context"
	xmlns:xsi="http://www.w3.org/2001/XMLSchema-instance"
	xsi:schemaLocation="
   http://www.springframework.org/schema/beans
   http://www.springframework.org/schema/beans/spring-beans-3.0.xsd
   http://www.springframework.org/schema/context
   http://www.springframework.org/schema/context/spring-context-3.0.xsd">



	<bean id="loginDelegate" class="com.jcg.examples.delegate.LoginDelegate">
		<property name="userService" ref="userService"></property>
	</bean>

	<bean id="userService" class="com.jcg.examples.service.impl.UserServiceImpl">
		<property name="userDao" ref="userDao"></property>
	</bean>

	<bean name="userDao" class="com.jcg.examples.dao.impl.UserDaoImpl">
		<property name="dataSource" ref="dataSource"></property>
	</bean>
	<bean id="dataSource" class="org.apache.commons.dbcp2.BasicDataSource">
		<property name="driverClassName" value="org.h2.Driver" />
		<property name="url" value="jdbc:h2:tcp://localhost/~/IndianAcres" />
		<property name="username" value="sa" />
		<property name="password" value="" />
	</bean>

</beans>