<beans xmlns="http://www.springframework.org/schema/beans"
	xmlns:context="http://www.springframework.org/schema/context"
	xmlns:mvc="http://www.springframework.org/schema/mvc" xmlns:wf="http://www.springframework.org/schema/webflow-config"
	xmlns:xsi="http://www.w3.org/2001/XMLSchema-instance" xmlns:tx="http://www.springframework.org/schema/tx"
	xsi:schemaLocation="
    http://www.springframework.org/schema/beans
    http://www.springframework.org/schema/beans/spring-beans.xsd
    http://www.springframework.org/schema/context
    http://www.springframework.org/schema/context/spring-context.xsd    
    http://www.springframework.org/schema/mvc
    http://www.springframework.org/schema/mvc/spring-mvc.xsd    
    http://www.springframework.org/schema/tx
    http://www.springframework.org/schema/tx/spring-tx-4.1.xsd
    http://www.springframework.org/schema/webflow-config
    http://www.springframework.org/schema/webflow-config/spring-webflow-config.xsd   
    ">

	<bean id="sessionFactory"
		class="org.springframework.orm.hibernate5.LocalSessionFactoryBean">
		<property name="dataSource" ref="dataSource" />
		<property name="packagesToScan" value="com.mvp.IndianAcersBackend.dto" />
		<property name="hibernateProperties">
			<props>
				<!-- <prop key="hibernate.hbm2ddl.auto">true</prop> -->
				<prop key="hibernate.dialect">org.hibernate.dialect.H2Dialect</prop>
			</props>
		</property>
	</bean>
    
	<bean id="dataSource" class="org.apache.commons.dbcp2.BasicDataSource">
		<property name="driverClassName" value="org.h2.Driver" />
		<property name="url" value="jdbc:h2:tcp://localhost/~/IndianAcres" />
		<property name="username" value="sa" />
		<property name="password" value="" />
	</bean>

	<tx:annotation-driven transaction-manager="transactionManager" />

	<bean id="transactionManager"
		class="org.springframework.orm.hibernate5.HibernateTransactionManager">
		<property name="sessionFactory" ref="sessionFactory" />
	</bean>

	<!-- <bean id="persistenceExceptionTranslationPostProcessor" class="org.springframework.dao.annotation.PersistenceExceptionTranslationPostProcessor"/> -->

	<context:component-scan base-package="com.mvp.IndianAcres.controller" />
	<context:component-scan base-package="com.mvp.IndianAcersBackend.daoimpl" />

	<!-- <bean id = "CategoryDAO" class = "com.mvp.IndianAcersBackend.daoimpl.CategoryDAOImpl" 
		/> -->


	<bean id="viewResolver"
		class="org.springframework.web.servlet.view.InternalResourceViewResolver">


		<property name="prefix" value="/WEB-INF/views/" />
		<property name="suffix" value=".jsp" />
	</bean>
	<!-- Loading static resources -->
	<mvc:annotation-driven />

	<mvc:resources location="/assets/" mapping="/resources/**" />


	<!-- WebFlow Configuration -->


	<wf:flow-executor id="flowExecutor" flow-registry="flowRegistry" />


	<wf:flow-registry id="flowRegistry" base-path="/WEB-INF/views/flows"
		flow-builder-services="flowBuilderServices">
		<wf:flow-location-pattern value="/**/*-flow.xml" />
	</wf:flow-registry>

	<wf:flow-builder-services id="flowBuilderServices"
		view-factory-creator="viewFactoryCreator" validator="validator" />

	<bean class="org.springframework.webflow.mvc.servlet.FlowHandlerAdapter">
		<property name="flowExecutor" ref="flowExecutor" />
	</bean>

	<bean class="org.springframework.webflow.mvc.servlet.FlowHandlerMapping">
		<property name="flowRegistry" ref="flowRegistry" />
	</bean>

	<bean id="viewFactoryCreator"
		class="org.springframework.webflow.mvc.builder.MvcViewFactoryCreator">

		<property name="ViewResolvers">
			<list>
				<ref bean="viewResolver" />
			</list>
		</property>

	</bean>
	<bean id="validator"
		class="org.springframework.validation.beanvalidation.LocalValidatorFactoryBean" />


</beans>