<beans:beans xmlns="http://www.springframework.org/schema/security"
	xmlns:beans="http://www.springframework.org/schema/beans" xmlns:xsi="http://www.w3.org/2001/XMLSchema-instance"
	xsi:schemaLocation="http://www.springframework.org/schema/beans
		http://www.springframework.org/schema/beans/spring-beans.xsd
		http://www.springframework.org/schema/security
		http://www.springframework.org/schema/security/spring-security.xsd">

	<beans:import resource="dispatcher-servlet.xml"/>

	<http pattern="/resources/**" security="none" />

	<http>
		<intercept-url pattern="/login" access="permitAll" />
        <access-denied-handler error-page="/access-denied"/>
		<form-login login-page="/login" />
		<logout />
	</http>

	<authentication-manager>
		<authentication-provider>
			
				<jdbc-user-service data-source-ref="dataSource"
		authorities-by-username-query="select email, role from user_detail where email = ?"
		users-by-username-query="select email, password, enabled from user_detail where email = ?" />
		
		</authentication-provider>
	</authentication-manager>


	

</beans:beans>